{
  "passed": true,
  "relativeRatio": 1.1311852713792478,
  "candidateMedianMs": 98.30000019073486
}
