{
  "passed": true,
  "relativeRatio": 0.8308400429232458,
  "candidateMedianMs": 72.19999980926514
}
