{
  "passed": true,
  "relativeRatio": 1.0149597205117495,
  "candidateMedianMs": 88.19999980926514
}
