{
  "passed": true,
  "relativeRatio": 0.3902550084083914,
  "candidateMedianMs": 85.69999980926514
}
